left_hip_pitch,left_hip_roll,left_hip_yaw,left_knee,left_ankle_pitch,left_ankle_roll,right_hip_pitch,right_hip_roll,right_hip_yaw,right_knee,right_ankle_pitch,right_ankle_roll
-0.6719949323217250,-0.0704432457100040,-0.2153861892047981,0.6420189205693778,-0.0003409016039167,-0.0013755418214648,-0.2563373557668440,0.0100328193290257,0.0869656895586216,0.7758194557249239,-0.5240000000000000,0.0004883169326384
-0.6719639398259738,-0.0704367614777952,-0.2153776213150845,0.6476679406502662,-0.0060204164051825,-0.0013754879740621,-0.2563491822840974,0.0100337692196462,0.0869696296335456,0.7758316883930226,-0.5240000000000000,0.0004883372437340
-0.6715839502727986,-0.0703573716558282,-0.2152726715409206,0.6631784968392204,-0.0219048306973503,-0.0013748282957181,-0.2564319280587287,0.0100404164972387,0.0869971965940060,0.7759172750056138,-0.5240000000000000,0.0004884793654502
-0.6701778625462346,-0.0700640290068179,-0.2148841443582007,0.6859320928583335,-0.0460416644257118,-0.0013723858361754,-0.2566563098891229,0.0100584528808434,0.0870719474120628,0.7761493528567577,-0.5240000000000000,0.0004888648670077
-0.6669820807538758,-0.0693995114221430,-0.2139996764830258,0.7131456263861774,-0.0763981678160124,-0.0013668248043740,-0.2570926299490920,0.0100935712122143,0.0872172929102648,0.7766006068262742,-0.5240000000000000,0.0004896149508761
-0.6613651077150001,-0.0682388374698677,-0.2124402413478471,0.7422788877091258,-0.1110526558681822,-0.0013570174824059,-0.2578105522285000,0.0101514866996943,0.0874564141036546,0.7773430111950067,-0.5240000000000000,0.0004908504614464
-0.6529381108494556,-0.0665149420855050,-0.2100890430827018,0.7712387216225093,-0.1482888956387464,-0.0013422249245510,-0.2588788671783080,0.0102379719359899,0.0878121710360086,0.7784475488092242,-0.5240000000000000,0.0004926920193605
-0.6415860661707129,-0.0642258343537195,-0.2068999402715449,0.7984371280327485,-0.1866234042127388,-0.0013221495826085,-0.2603652432472459,0.0103589045818616,0.0883070037224289,0.7799839064533872,-0.5240000000000000,0.0004952602670158
-0.6274541768670614,-0.0614295824688508,-0.2028955369402963,0.8227717203637344,-0.2248002874760939,-0.0012969239788926,-0.2623359627805306,0.0105203261751123,0.0889628243790318,0.7820201439963993,-0.5240000000000000,0.0004986762042155
-0.6109131606699891,-0.0582322598038553,-0.1981611253789845,0.8435742294569848,-0.2617759447398912,-0.0012670742931318,-0.2648556383624676,0.0107285100468303,0.0898008996250990,0.7846223333914020,-0.5240000000000000,0.0005030615857008
-0.5925157015298234,-0.0547724435640474,-0.1928369327273342,0.8605494149725318,-0.2967033965537231,-0.0012334739392967,-0.2679869042484723,0.0109900358030184,0.0908417208357285,0.7878541620888502,-0.5240000000000000,0.0005085393447314
-0.5729496426008098,-0.0512048728729270,-0.1871090652791478,0.8737124901874509,-0.3289181969683777,-0.0011972890726038,-0.2717900762032549,0.0113118672572573,0.0921048603697881,0.7917764940657409,-0.5240000000000000,0.0005152339993047
-0.5529905166036362,-0.0476853049400490,-0.1811988844815703,0.8833266809070194,-0.3579243856807066,-0.0011599137558202,-0.2763227720140235,0.0117014300770410,0.0936088110731968,0.7964468806973236,-0.5240000000000000,0.0005232719904065
-0.5334549793124210,-0.0443581359977218,-0.1753506703845105,0.8898405312873631,-0.3833781396989280,-0.0011228933630544,-0.2816394843789857,0.0121666847361008,0.0953708063466182,0.8019190133539315,-0.5240000000000000,0.0005327818953261
-0.5151564087297594,-0.0413477943229765,-0.1698178388228920,0.8938246308312598,-0.4050674251888665,-0.0010878375957343,-0.2877910979842736,0.0127161896588200,0.0974066182575389,0.8082421101412808,-0.5240000000000000,0.0005438944541212
-0.4988637977897183,-0.0387542524807717,-0.1648483775308147,0.8959082698223763,-0.4228871979803571,-0.0010563272856791,-0.2948243435806350,0.0133591487270971,0.0997303317580258,0.8154602308647926,-0.5240000000000000,0.0005567423443361
-0.4852441960678250,-0.0366491722232950,-0.1606640171697930,0.8967181969094890,-0.4368316972477605,-0.0010297803660889,-0.3027811839336854,0.0141054366401471,0.1023540941190785,0.8236115172891796,-0.5240000000000000,0.0005714596388762
-0.4729113649382073,-0.0347925996005167,-0.1568519482812282,0.8967893946461987,-0.4487812695863372,-0.0010055832437817,-0.3116981297802904,0.0149655950440416,0.1052878402673119,0.8327273602151148,-0.5240000000000000,0.0005881808851027
-0.4607756738595324,-0.0330118785005931,-0.1530800092260081,0.8962940376075033,-0.4599605494616533,-0.0009816275528026,-0.3216054884312604,0.0159507919767189,0.1085389968297126,0.8428315008215826,-0.5240000000000000,0.0006070397506668
-0.4488971266264488,-0.0313133550720796,-0.1493685332757917,0.8953038843907574,-0.4703846184276320,-0.0009580428461042,-0.3325265533515382,0.0170727371273061,0.1121121703232113,0.8539390809768090,-0.5240000000000000,0.0006281671937959
-0.4373299409628805,-0.0297017267527108,-0.1457363307547547,0.8938898237875600,-0.4800734538984157,-0.0009349491359664,-0.3444767497102563,0.0183435458250836,0.1160088279628669,0.8660556654582113,-0.5240000000000000,0.0006516891332653
-0.4261221423155169,-0.0281801403001366,-0.1422004748913750,0.8921208059904321,-0.4890511931567604,-0.0009124554831717,-0.3574627581326365,0.0197755456955964,0.1202269828154414,0.8791762676653276,-0.5240000000000000,0.0006777236160976
-0.4153152965840381,-0.0267503175614481,-0.1387761354676701,0.8900629051592914,-0.4973453969800310,-0.0008906588932689,-0.3714816461350550,0.0213810216735189,0.1247608982155530,0.8932844186678793,-0.5240000000000000,0.0007063775087318
-0.4049443771564738,-0.0254127007994557,-0.1354764617432208,0.8877785244020703,-0.5049863305879201,-0.0008696435321525,-0.3865200432626164,0.0231718976229077,0.1296008291323048,0.9083513263421525,-0.5240000000000000,0.0007377427689649
-0.3950377589474396,-0.0241666098468609,-0.1323125144498365,0.8853257498558269,-0.5120062772715595,-0.0008494802617712,-0.4025534009668710,0.0251593561895211,0.1347328201172582,0.9243351758790662,-0.5240000000000000,0.0007718923897311
-0.3856173298671556,-0.0230104041229131,-0.1292932451283341,0.8827578561936359,-0.5184388973345803,-0.0008302264862757,-0.4195453809720521,0.0273534026014134,0.1401385801708507,0.9411806241485577,-0.5240000000000000,0.0008088761394192
-0.3765348993132238,-0.0219225262803568,-0.1263727628478929,0.8797230063874232,-0.5240000000000000,-0.0008110990531719,-0.4374473054443447,0.0297623396957219,0.1457954225565654,0.9588182741791065,-0.5240000000000000,0.0008487208411656
-0.3653345915340314,-0.0206212187457890,-0.1227587342941342,0.8702876329393755,-0.5240000000000000,-0.0007797945334949,-0.4561963055448763,0.0323916633635977,0.1516758985262530,0.9771611099201268,-0.5240000000000000,0.0008914847603938
-0.3548385794364967,-0.0194376440534998,-0.1193598209471652,0.8613967359516624,-0.5240000000000000,-0.0007506389144468,-0.4757206904804047,0.0352455669175223,0.1577495207096487,0.9961172396668195,-0.5240000000000000,0.0009370431022024
-0.3450416381020722,-0.0183643066564985,-0.1161770078240375,0.8530562067252043,-0.5240000000000000,-0.0007235794875633,-0.4959348991922823,0.0383243240295502,0.1639815724520914,1.0155776335361231,-0.5240000000000000,0.0009853125268871
-0.3359328843501180,-0.0173936248967231,-0.1132091297828802,0.8452660456371653,-0.5240000000000000,-0.0006985511090630,-0.5167417765440547,0.0416245299230368,0.1703340775872889,1.0354215159724571,-0.5240000000000000,0.0010361682977224
-0.3274964415652684,-0.0165180670882238,-0.1104530927955833,0.8380209174501027,-0.5240000000000000,-0.0006754783424168,-0.5380334170594100,0.0451386949124360,0.1767663924604091,1.0555176935112005,-0.5240000000000000,0.0010894426564165
-0.3197121421926016,-0.0157302632874688,-0.1079041153369969,0.8313107689836776,-0.5240000000000000,-0.0006542775599278,-0.5596922729846311,0.0488549305252072,0.1832359013954368,1.0757261683134351,-0.5240000000000000,0.0011449243057618
-0.3125562452896799,-0.0150230936996685,-0.1055559804486325,0.8251214842061609,-0.5240000000000000,-0.0006348589558796,-0.5815925006625756,0.0527567522190251,0.1896987910150230,1.0958999916445893,-0.5240000000000000,0.0012023591336339
-0.3060021485245448,-0.0143897554771168,-0.1034012898801381,0.8194355534802024,-0.5240000000000000,-0.0006171284327582,-0.6036015092853730,0.0568230181859575,0.1961108730220863,1.1158873013137955,-0.5240000000000000,0.0012614522697487
-0.3000210765153936,-0.0138238101916353,-0.1014317127793730,0.8142327360882130,-0.5240000000000000,-0.0006009893308482,-0.6255816684553325,0.0610280175408258,0.2024284211835071,1.1355334806136155,-0.5240000000000000,0.0013218715159455
-0.2945827302295171,-0.0133192145383576,-0.0996382225981210,0.8094906980380665,-0.5240000000000000,-0.0005863439798174,-0.6473921257694798,0.0653417137018761,0.2086089866436841,1.1546833734380786,-0.5240000000000000,0.0013832521331681
-0.2896558851237236,-0.0128703368951070,-0.0980113171248023,0.8051856102902732,-0.5240000000000000,-0.0005730950585154,-0.6688906827698013,0.0697301404961999,0.2146121564667219,1.1731834906186371,-0.5240000000000000,0.0014452029052395
-0.2852089286738913,-0.0124719622692515,-0.0965412177841370,0.8012926957662475,-0.5240000000000000,-0.0005611467559418,-0.6899356768766438,0.0741559400645889,0.2204002233937586,1.1908841455602304,-0.5240000000000000,0.0015073133330997
-0.2812103307994311,-0.0121192879611496,-0.0952180455099608,0.7977867166502387,-0.5240000000000000,-0.0005504057322530,-0.7103878181471414,0.0785790236581314,0.2259387399625465,1.2076414624451395,-0.5240000000000000,0.0015691617466188
-0.2776290433561837,-0.0118079120044280,-0.0940319715684546,0.7946423964664966,-0.5240000000000000,-0.0005407818836609,-0.7301119327284117,0.0829573295679589,0.2311969369723800,1.2233192071655450,-0.5240000000000000,0.0016303240591139
-0.2744409444717127,-0.0115332859000969,-0.0929749690872432,0.7918348314925583,-0.5240000000000000,-0.0005323683169493,-0.7460879885333879,0.0865952155721987,0.2353919102103200,1.2264638618624815,-0.5115892032020996,0.0016643779651165
-0.2716126803973428,-0.0112922912790981,-0.0920365721428756,0.7893406276539184,-0.5240000000000000,-0.0005249295121690,-0.7607846407793882,0.0900069528545468,0.2392004290906108,1.2266481198479036,-0.4971696321129242,0.0016934265739333
-0.2691159029057653,-0.0110816560898821,-0.0912076410433525,0.7871362909779627,-0.5240000000000000,-0.0005183737576007,-0.7742774150425531,0.0931931698390721,0.2426535285947514,1.2245873500796249,-0.4816775167328026,0.0017190782610569
-0.2669240189335738,-0.0108983767167272,-0.0904795374931389,0.7851992380012209,-0.5240000000000000,-0.0005126272063270,-0.7864213753853487,0.0961049135524286,0.2457250384250971,1.2201599062163273,-0.4651417753058201,0.0017410160381942
-0.2650118380567812,-0.0107397334364233,-0.0898440454616421,0.7835079248914338,-0.5240000000000000,-0.0005076205699871,-0.7966304849634088,0.0985857729056846,0.2482791482611187,1.2115592221662603,-0.4463472791320108,0.0017572600554759
-0.2633555835908611,-0.0106032630762319,-0.0892933829773995,0.7820418926023314,-0.5240000000000000,-0.0005032889984323,-0.8040684720825296,0.1004140933021799,0.2501217437090962,1.1962226069298900,-0.4235748615423774,0.0017651057700809
-0.2619328586295534,-0.0104867317095336,-0.0888201976405646,0.7807817669900239,-0.5240000000000000,-0.0004995718613374,-0.8085685083215397,0.1015313312063389,0.2512264598998442,1.1743024137522606,-0.3971516315359234,0.0017646295830039
-0.2607225743800445,-0.0103881077629489,-0.0884175484599335,0.7797092208899055,-0.5240000000000000,-0.0004964124498206,-0.8099949590754471,0.1018927114832877,0.2515697220235212,1.1460500075179805,-0.3674697758107122,0.0017560950642551
-0.2597048483425478,-0.0103055358433084,-0.0880788766805456,0.7788069053648520,-0.5240000000000000,-0.0004937576161180,-0.8082544446867013,0.1014711906232144,0.2511321400383905,1.1118041132612935,-0.3349632156719776,0.0017399223959426
-0.2588608798790931,-0.0102373115492952,-0.0877979682578920,0.7780583573424596,-0.5240000000000000,-0.0004915573691714,-0.8033148700352737,0.1002629880620537,0.2499023640986459,1.0720117369569129,-0.3001090858124329,0.0017166833202179
-0.2581728105410750,-0.0101818575050668,-0.0875689105640614,0.7774478906856371,-0.5240000000000000,-0.0004897644434425,-0.7952257932715510,0.0982927408126850,0.2478820824614074,1.0272551474116789,-0.2634343102267514,0.0016870985653289
-0.2576235762036094,-0.0101377008366335,-0.0873860457895238,0.7769604774202111,-0.5240000000000000,-0.0004883338575097,-0.7841418920243519,0.0956183124661768,0.2450929407679442,0.9782889159806545,-0.2255296985627187,0.0016520452298024
-0.2571967576079701,-0.0101034523017857,-0.0872439233399008,0.7765816253966519,-0.5240000000000000,-0.0004872224779127,-0.7703523173543182,0.0923354788568631,0.2415863792743674,0.9260924308798831,-0.1870743828532959,0.0016125827538202
-0.2568764353663908,-0.0100777872775644,-0.0871372533288916,0.7762972581208394,-0.5240000000000000,-0.0004863886025604,-0.7543195920928987,0.0885828506598130,0.2374575464248543,0.8719445086146406,-0.1488737575516468,0.0015700067985381
-0.2566470548577078,-0.0100594288028653,-0.0870608630444260,0.7760936018717833,-0.5240000000000000,-0.0004857915765559,-0.7367315901315262,0.0845473545337952,0.2328643080905572,0.8175262088333434,-0.1119136551558005,0.0015259393564292
-0.2564933057611807,-0.0100471328658856,-0.0870096580233412,0.7759570845584071,-0.5240000000000000,-0.0004853914518034,-0.7185668329586000,0.0804700944695119,0.2280512344558141,0.7650515405000708,-0.0774301982950722,0.0014824567458740
-0.2564000202604727,-0.0100396761151374,-0.0869785891178094,0.7758742500729962,-0.5240000000000000,-0.0004851487001251,-0.7011619850326665,0.0766508587493798,0.2233747391724867,0.7174040794577597,-0.0469839164673134,0.0014422354232186
-0.2563520932226723,-0.0100358461578367,-0.0869626266823183,0.7758316911999558,-0.5240000000000000,-0.0004850239879611,-0.6862435557096589,0.0734460668917310,0.2193168561261117,0.6782062744185143,-0.0225010918445261,0.0014086439952239
-0.2563344269381299,-0.0100344345897808,-0.0869567427600327,0.7758160034536205,-0.5240000000000000,-0.0004849780190497,-0.6758429004336785,0.0712496798476822,0.2164613009524906,0.6516663662371538,-0.0062043614993421,0.0013856265272146
-0.2563319023143652,-0.0100342328758936,-0.0869559019084646,0.7758137615662566,-0.5240000000000000,-0.0004849714498435,-0.6719923608671428,0.0704444680301957,0.2153986574468758,0.6420075522826835,-0.0003345468376725,0.0013771790868793
-0.2563437286929350,-0.0100351827280490,-0.0869598416807325,0.7758259942038827,-0.5240000000000000,-0.0004849916730991,-0.6719615270529082,0.0704380200913707,0.2153901678827035,0.6476568567455423,-0.0060141890695652,0.0013771438678082
-0.2564264734974899,-0.0100418297364065,-0.0869874065236975,0.7759115806036416,-0.5240000000000000,-0.0004851331802603,-0.6715819682184712,0.0703587261614819,0.2152854278757832,0.6631681839700139,-0.0218989474594283,0.0013765364558097
-0.2566508526983581,-0.0100598653888900,-0.0870621515999860,0.7761436578785765,-0.5240000000000000,-0.0004855170155728,-0.6701765017801106,0.0700655137213324,0.2148971943422526,0.6859228903516306,-0.0460362732033195,0.0013741737885933
-0.2570871676496397,-0.0100949822942391,-0.0872074859341811,0.7765949107320275,-0.5240000000000000,-0.0004862638603946,-0.6669814528103395,0.0694011339830279,0.2140130551836836,0.7131377322069185,-0.0763933514084835,0.0013687134914140
-0.2578050815362207,-0.0101528954229112,-0.0874465887614712,0.7773373132769535,-0.5240000000000000,-0.0004874940444061,-0.6613652617885031,0.0682405827497692,0.2124539430513775,0.7422723909315151,-0.1110484485648350,0.0013590212633371
-0.2588733840269767,-0.0102393771205477,-0.0878023183712634,0.7784418482061709,-0.5240000000000000,-0.0004893276829064,-0.6529390527074865,0.0665167783754993,0.2101030324525472,0.7712336386011482,-0.1482853013452715,0.0013443519422024
-0.2603597428211135,-0.0103603047861193,-0.0882971130578410,0.7799782021722325,-0.5240000000000000,-0.0004918849257066,-0.6415877733012377,0.0642277198973255,0.2069141630282881,0.7984334308476134,-0.1866204103376058,0.0013244023974722
-0.2623304395580717,-0.0105217196743026,-0.0889528833589565,0.7820144349420191,-0.5240000000000000,-0.0004952862965520,-0.6274566087896780,0.0614314714622690,0.2029099287967120,0.8227693553591079,-0.2247978734817037,0.0012993003833124
-0.2648500861725829,-0.0107298948042155,-0.0897908942677312,0.7846166184056411,-0.5240000000000000,-0.0004996530948345,-0.6109162654654868,0.0582341075186263,0.1981756191682287,0.8435731277532199,-0.2617740863434755,0.0012695682265734
-0.2679813163408433,-0.0109914094329422,-0.0908316355962781,0.7878484400002574,-0.5240000000000000,-0.0005051078237452,-0.5925194199855007,0.0547742104497411,0.1928514640350832,0.8605494976067076,-0.2967020670033109,0.0012360764330926
-0.2717844453336000,-0.0113132269797253,-0.0920946782157680,0.7917707637495591,-0.5240000000000000,-0.0005117746014737,-0.5729539110241479,0.0512065275676887,0.1871235768748681,0.8737136700660098,-0.3289173666228991,0.0011999891609707
-0.2763170905458149,-0.0117027726639114,-0.0935985135734961,0.7964411411470760,-0.5240000000000000,-0.0005197795048420,-0.5529952689048788,0.0476868261697684,0.1812133297125210,0.8833288630675050,-0.3579240207973556,0.0011626993003302
-0.2816337444022504,-0.0121680064493014,-0.0953603737760464,0.8019132637638450,-0.5240000000000000,-0.0005292507884158,-0.5334601486113676,0.0443595134134254,0.1753650155729948,0.8898436124188472,-0.3833782010460282,0.0011257517498946
-0.2877852914522554,-0.0127174861815597,-0.0973960297188718,0.8082363499993183,-0.5240000000000000,-0.0005403189171871,-0.5151619285476220,0.0413490284018713,0.1698320646373792,0.8938284986474400,-0.4050678668887409,0.0010907562785387
-0.2948184624645979,-0.0133604150895342,-0.0997195653237047,0.8154544600552180,-0.5240000000000000,-0.0005531163479046,-0.4988696028205384,0.0387553536777695,0.1648624792917671,0.8959128026750645,-0.4228879668337634,0.0010592941604842
-0.3027752203955552,-0.0141066671415836,-0.1023431269947457,0.8236057362028122,-0.5240000000000000,-0.0005677769939471,-0.4852502228667743,0.0366501594140049,0.1606780039068047,0.8967232647126577,-0.4368327330834329,0.0010327840321876
-0.3116920763623376,-0.0149667831743527,-0.1052766489793191,0.8327215698650563,-0.5240000000000000,-0.0005844353117450,-0.4729175810290969,0.0347934817562774,0.1568658228136565,0.8967949329366108,-0.4487825430680759,0.0010086177464902
-0.3215993382609409,-0.0159519303403471,-0.1085275574383976,0.8428257029609301,-0.5240000000000000,-0.0006032249541788,-0.4607820666393480,0.0330126559891559,0.1530937664818097,0.8963000277604354,-0.4599620536710325,0.0009846902871309
-0.3325203003588829,-0.0170738173738034,-0.1121004586632673,0.8539332782146920,-0.5240000000000000,-0.0006242769485687,-0.4489036840169485,0.0313140291324942,0.1493821696134409,0.8953103075558295,-0.4703863460045296,0.0009611313331011
-0.3444703888538019,-0.0183445585907273,-0.1159968199112915,0.8660498613691918,-0.5240000000000000,-0.0006477173743204,-0.4373366514362128,0.0297022993961962,0.1457498439024893,0.8938966609250095,-0.4800753970600284,0.0009380610334106
-0.3574562856287036,-0.0197764805610600,-0.1202146545864897,0.8791704668867575,-0.5240000000000000,-0.0006736645380684,-0.4261289949093573,0.0281806142074975,0.1422138638682343,0.8921280379165137,-0.4890533437283757,0.0009155885927348
-0.3714750596840823,-0.0213818671428562,-0.1247482266808613,0.8932786269798186,-0.5240000000000000,-0.0007022256718303,-0.4153222809072864,0.0267506959799946,0.1387894004891720,0.8900705126000646,-0.4973477464360707,0.0008938111644698
-0.3865133422647710,-0.0231726411291147,-0.1295877921627162,0.9083455507236234,-0.5240000000000000,-0.0007334932111995,-0.4049514833868592,0.0254129874419748,0.1354896041148024,0.8877864880546966,-0.5049888701016328,0.0008728130634682
-0.4025465867185425,-0.0251599841316814,-0.1347193969413354,0.9243294245356000,-0.5240000000000000,-0.0007675407443431,-0.3950449778225305,0.0241668087947488,0.1323255364513253,0.8853340504562548,-0.5120089977715995,0.0008526652992730
-0.4195384568338619,-0.0273539004177712,-0.1401247517433069,0.9411749065059772,-0.5240000000000000,-0.0008044187562283,-0.3856246526702687,0.0230105197351308,0.1293061498927219,0.8827664745893153,-0.5184417895666864,0.0008334254201972
-0.4374402759256645,-0.0297626915669450,-0.1457811716319382,0.9588125983249807,-0.5240000000000000,-0.0008441549555710,-0.3765407472181439,0.0219223769032862,0.1263850439996007,0.8797280900535258,-0.5240000000000000,0.0008143029212882
-0.4561891795266296,-0.0323918536114508,-0.1516612109521430,0.9771554899773329,-0.5240000000000000,-0.0008868085075940,-0.3653404227372357,0.0206209399139419,0.1227707966904565,0.8702927880690211,-0.5240000000000000,0.0007830162448469
-0.4757134780788108,-0.0352455789365190,-0.1577343847959842,0.9961116882877399,-0.5240000000000000,-0.0009322557222885,-0.3548443912178744,0.0194372459659911,0.1193716757128458,0.8614019554308844,-0.5240000000000000,0.0007538764254561
-0.4959276128002457,-0.0383241409491912,-0.1639659796258831,1.0155721641928741,-0.5240000000000000,-0.0009804144647985,-0.3450474284737050,0.0183637990848545,0.1161886665181089,0.8530614839514253,-0.5240000000000000,0.0007268309587045
-0.5167344307332515,-0.0416241348785260,-0.1703180226684760,1.0354161427659769,-0.5240000000000000,-0.0010311613152918,-0.3359386519853191,0.0173930171416971,0.1132206042351681,0.8452713745265124,-0.5240000000000000,0.0007018148913067
-0.5380260284151288,-0.0451380713452280,-0.1767498738888733,1.0555124309528654,-0.5240000000000000,-0.0010843299355864,-0.3275021857222969,0.0165173679497742,0.1104643949539242,0.8380262924331333,-0.5240000000000000,0.0006787529628917
-0.5596848598744969,-0.0488540625052622,-0.1832189214011679,1.0757210310856935,-0.5240000000000000,-0.0011397105404959,-0.3197178626363700,0.0157294810465807,0.1079152571279461,0.8313161849919380,-0.5240000000000000,0.0006575617072656
-0.5815850829437100,-0.0527556247789706,-0.1896813557255217,1.0958949943486349,-0.5240000000000000,-0.0011970506080577,-0.3125619422140667,0.0150222361105236,0.1055669736535857,0.8251269366512930,-0.5240000000000000,0.0006381514656476
-0.6035941079574055,-0.0568216176559561,-0.1960929925033755,1.1158824582119555,-0.5240000000000000,-0.0012560569201494,-0.3060078224776027,0.0143888297681100,0.1034121460280914,0.8194410382276267,-0.5240000000000000,0.0006204282732957
-0.6255743052698506,-0.0610263318722013,-0.2024101094137234,1.1355288053746435,-0.5240000000000000,-0.0013163989743480,-0.3000267283291473,0.0138228230737231,0.1014424430568027,0.8142382494269891,-0.5240000000000000,0.0006042955897450
-0.6473848228089695,-0.0653397327674004,-0.2085902614207908,1.1546788788929383,-0.5240000000000000,-0.0013777137503675,-0.2945883609556424,0.0133181722193208,0.0996488377758716,0.8094962366485580,-0.5240000000000000,0.0005896558512223
-0.6688834620111492,-0.0697278563554242,-0.2145930392541930,1.1731791885336840,-0.5240000000000000,-0.0014396117513742,-0.2896614959758596,0.0128692450984164,0.0980218275013582,0.8051911712107194,-0.5240000000000000,0.0005764118313625
-0.6899285597554314,-0.0741533471837983,-0.2203807391101297,1.1908800464338223,-0.5240000000000000,-0.0015016841741120,-0.2852145209770790,0.0124708262563565,0.0965516331442075,0.8012982763595407,-0.5240000000000000,0.0005644678031758
-0.7103808251393876,-0.0785761190762642,-0.2259189167222826,1.2076375753328987,-0.5240000000000000,-0.0015635109952934,-0.2812159059466754,0.0121181125561404,0.0952283750970096,0.7977923145715350,-0.5240000000000000,0.0005537305010649
-0.7301050829656012,-0.0829541130020308,-0.2311768057864597,1.2233155395378938,-0.5240000000000000,-0.0016246696997995,-0.2776346027720848,0.0118067016201764,0.0940422240695907,0.7946480096326132,-0.5240000000000000,0.0005441098867205
-0.7460815961346531,-0.0865918659801458,-0.2353716538869894,1.2264615976766067,-0.5115904762675175,-0.0016587133406138,-0.2744464886041474,0.0115320445547970,0.0929851525017705,0.7918404576230730,-0.5240000000000000,0.0005356991160089
-0.7607784660541266,-0.0900034354836139,-0.2391800216171129,1.2266462844278907,-0.4971711077905320,-0.0016877651520477,-0.2716182110903840,0.0112910225905372,0.0920466941968952,0.7893462649968818,-0.5240000000000000,0.0005282627486850
-0.7742714732984916,-0.0931895012173352,-0.2426330092806553,1.2245859462137691,-0.4816791863766823,-0.0017134392757528,-0.2691214215121334,0.0110803634001370,0.0912177087895132,0.7871419380395754,-0.5240000000000000,0.0005217091011718
-0.7864156812692599,-0.0961011131482548,-0.2457044495041641,1.2201589363828176,-0.4651436299364765,-0.0017354200098171,-0.2669295267573240,0.0108970630631917,0.0904895574560424,0.7852048934553382,-0.5240000000000000,0.0005159643652531
-0.7966250683024085,-0.0985818694097848,-0.2482585599113007,1.2115587055647226,-0.4463493117407934,-0.0017517459398190,-0.2650173363425950,0.0107384015758138,0.0898540236572007,0.7835135875603011,-0.5240000000000000,0.0005109592864620
-0.8040633849666832,-0.1004101296490830,-0.2501012654020252,1.1962225889187947,-0.4235770694594817,-0.0017597370210433,-0.2633610735164261,0.0106019155069625,0.0893033249344160,0.7820475614396230,-0.5240000000000000,0.0005066290443695
-0.8085637997119440,-0.1015273553427513,-0.2512061997585868,1.1743029408689567,-0.3971540149998928,-0.0017594643918708,-0.2619383413003820,0.0104853706922431,0.0888301084232511,0.7807874410660458,-0.5240000000000000,0.0005029130347907
-0.8099906746946457,-0.1018887749057126,-0.2515497850357747,1.1460511282306725,-0.3674723393238190,-0.0017511844004219,-0.2607280508261002,0.0103867353390270,0.0884274326902763,0.7797148993786737,-0.5240000000000000,0.0004997545719151
-0.8082506276094323,-0.1014673466041385,-0.2511126266902481,1.1118058792856105,-0.3349659693636495,-0.0017353086025375,-0.2597103195162841,0.0103041538513289,0.0880887385596596,0.7788125875331430,-0.5240000000000000,0.0004971005284580
-0.8033115616398029,-0.1002592895844165,-0.2498833689711379,1.0720142047688339,-0.3001120466975828,-0.0017123989981507,-0.2588663466543645,0.0102359216393094,0.0878078115856263,0.7780640425403949,-0.5240000000000000,0.0004949009316738
-0.7952230343808816,-0.0982892383333876,-0.2478636926802639,1.0272583797658443,-0.2634375032495144,-0.0016831657565516,-0.2581782737127494,0.0101804611507729,0.0875787387563986,0.7774535783390614,-0.5240000000000000,0.0004931085325512
-0.7841397239146827,-0.0956150515964913,-0.2450752340819219,0.9782929830372388,-0.2255331572390543,-0.0016484748853646,-0.2576290364874385,0.0101362993454749,0.0873958618934112,0.7769661670242951,-0.5240000000000000,0.0004916783647437
-0.7703507820684629,-0.0923324979811337,-0.2415694213794293,0.9260974101520323,-0.1870781491509184,-0.0016093744513535,-0.2572022156406413,0.0101020468230723,0.0872537300453810,0.7765873165108678,-0.5240000000000000,0.0004905673087152
-0.7543187310925528,-0.0885801784129908,-0.2374413869294003,0.8719504822232483,-0.1488778802956810,-0.0015671486584222,-0.2568818917055712,0.0100763788087565,0.0871470529785124,0.7763029503650357,-0.5240000000000000,0.0004897336754153
-0.7367314396639486,-0.0845450069258438,-0.2328489742220018,0.8175332553173327,-0.1119181856327839,-0.0015234080958649,-0.2566525099820972,0.0100580181942011,0.0870706576401049,0.7760992949234413,-0.5240000000000000,0.0004891368223311
-0.7185674136186178,-0.0804680713080670,-0.2280367213183376,0.7650597166843229,-0.0774351808510430,-0.0014802178051237,-0.2564987600703387,0.0100457208235401,0.0870194492308616,0.7759627781504803,-0.5240000000000000,0.0004887368132902
-0.7011632824276630,-0.0766491389898116,-0.2233609954459242,0.7174133866116561,-0.0469893712537106,-0.0014402430988414,-0.2564054740746043,0.0100382632031639,0.0869883782693654,0.7758799439926228,-0.5240000000000000,0.0004884941317439
-0.6862454909356658,-0.0734446029738812,-0.2193037655736715,0.6782166059056095,-0.0225069883480754,-0.0014068415257885,-0.2563575467823710,0.0100344327991491,0.0869724147775186,0.7758373852877948,-0.5240000000000000,0.0004883694555890
-0.6758452972832645,-0.0712483925328784,-0.2164486646639721,0.6516774486178478,-0.0062105888930608,-0.0013839461059834,-0.2563398804040280,0.0100330210664429,0.0869665304658418,0.7758216976034573,-0.5240000000000000,0.0004883234999475
